{"430631":{"nome":"Campanha Meridional","media_idade_vitima":20,"media_idade_autor":34,"pela_manha":85,"ocorrencias":146,"local":{"residencia":104,"via_publica":22},"populacao":173819,"anos":{"2006":23,"2007":26,"2011":25,"2008":18,"2009":25,"2010":19,"2012":10},"range":2,"opacity":0.5133340640276016,"proporcao":83},"430110":{"nome":"Passo Fundo","media_idade_vitima":16,"media_idade_autor":32,"pela_manha":141,"ocorrencias":270,"local":{"residencia":181,"via_publica":29},"populacao":327778,"anos":{"2006":49,"2008":37,"2011":49,"2009":39,"2012":14,"2010":43,"2007":39},"range":2,"opacity":0.5034176508772119,"proporcao":82},"430526":{"nome":"Porto Alegre","media_idade_vitima":18,"media_idade_autor":36,"pela_manha":1492,"ocorrencias":2700,"local":{"residencia":2054,"via_publica":270},"populacao":3626663,"anos":{"2010":589,"2006":339,"2007":289,"2008":283,"2009":409,"2011":616,"2012":175},"range":2,"opacity":0.45498914779021593,"proporcao":74},"430319":{"nome":"Restinga Seca","media_idade_vitima":18,"media_idade_autor":36,"pela_manha":40,"ocorrencias":74,"local":{"residencia":45,"via_publica":9},"populacao":63254,"anos":{"2006":5,"2007":9,"2009":12,"2010":13,"2011":23,"2008":10,"2012":2},"range":3,"opacity":0.7149706285255025,"proporcao":116},"430108":{"nome":"Ijuí","media_idade_vitima":18,"media_idade_autor":35,"pela_manha":72,"ocorrencias":141,"local":{"residencia":93,"via_publica":10},"populacao":183938,"anos":{"2007":15,"2008":23,"2010":30,"2011":31,"2009":18,"2012":12,"2006":12},"range":2,"opacity":0.46848115766990606,"proporcao":76},"430101":{"nome":"Santa Rosa","media_idade_vitima":18,"media_idade_autor":34,"pela_manha":57,"ocorrencias":99,"local":{"residencia":67,"via_publica":7},"populacao":157299,"anos":{"2006":7,"2008":14,"2009":16,"2010":14,"2011":34,"2007":10,"2012":4},"range":1,"opacity":0.3846393468196531,"proporcao":62},"430629":{"nome":"Campanha Ocidental","media_idade_vitima":17,"media_idade_autor":36,"pela_manha":193,"ocorrencias":349,"local":{"residencia":231,"via_publica":36},"populacao":364361,"anos":{"2006":38,"2007":55,"2008":34,"2009":59,"2010":71,"2011":69,"2012":23},"range":2,"opacity":0.5853801844920543,"proporcao":95},"430103":{"nome":"Frederico Westphalen","media_idade_vitima":21,"media_idade_autor":34,"pela_manha":69,"ocorrencias":123,"local":{"residencia":79,"via_publica":14},"populacao":174621,"anos":{"2008":15,"2006":16,"2007":23,"2009":19,"2012":6,"2010":23,"2011":21},"range":2,"opacity":0.43048013580767375,"proporcao":70},"430111":{"nome":"Cruz Alta","media_idade_vitima":19,"media_idade_autor":33,"pela_manha":84,"ocorrencias":154,"local":{"residencia":96,"via_publica":10},"populacao":150229,"anos":{"2010":39,"2011":24,"2007":12,"2012":15,"2006":27,"2008":18,"2009":19},"range":3,"opacity":0.6264860717196817,"proporcao":102},"430732":{"nome":"Serras de Sudeste","media_idade_vitima":18,"media_idade_autor":34,"pela_manha":58,"ocorrencias":102,"local":{"residencia":69,"via_publica":12},"populacao":116448,"anos":{"2008":7,"2009":19,"2010":11,"2012":9,"2006":17,"2007":15,"2011":24},"range":2,"opacity":0.5353189450468924,"proporcao":87},"430214":{"nome":"Guaporé","media_idade_vitima":18,"media_idade_autor":31,"pela_manha":52,"ocorrencias":90,"local":{"residencia":47,"via_publica":8},"populacao":127233,"anos":{"2007":13,"2009":13,"2010":22,"2011":23,"2006":9,"2008":8,"2012":2},"range":2,"opacity":0.432301972940015,"proporcao":70},"430216":{"nome":"Caxias do Sul","media_idade_vitima":18,"media_idade_autor":34,"pela_manha":251,"ocorrencias":447,"local":{"residencia":293,"via_publica":57},"populacao":769708,"anos":{"2009":73,"2010":84,"2011":83,"2012":25,"2006":68,"2007":52,"2008":62},"range":1,"opacity":0.9,"proporcao":58},"430528":{"nome":"Camaquã","media_idade_vitima":17,"media_idade_autor":34,"pela_manha":72,"ocorrencias":133,"local":{"residencia":84,"via_publica":14},"populacao":130470,"anos":{"2007":15,"2009":18,"2010":38,"2011":26,"2006":16,"2012":6,"2008":14},"range":3,"opacity":0.6229962810326112,"proporcao":101},"430104":{"nome":"Erechim","media_idade_vitima":19,"media_idade_autor":32,"pela_manha":64,"ocorrencias":127,"local":{"residencia":78,"via_publica":20},"populacao":211685,"anos":{"2006":21,"2008":14,"2009":19,"2010":27,"2012":5,"2007":19,"2011":22},"range":1,"opacity":0.36665542193094924,"proporcao":59},"430421":{"nome":"Lajeado-Estrela","media_idade_vitima":19,"media_idade_autor":35,"pela_manha":133,"ocorrencias":239,"local":{"residencia":165,"via_publica":20},"populacao":305651,"anos":{"2007":20,"2009":32,"2010":54,"2011":65,"2006":23,"2008":28,"2012":17},"range":2,"opacity":0.47787746971456496,"proporcao":78},"430527":{"nome":"Osório","media_idade_vitima":19,"media_idade_autor":37,"pela_manha":153,"ocorrencias":292,"local":{"residencia":203,"via_publica":27},"populacao":341206,"anos":{"2007":38,"2009":39,"2010":68,"2011":66,"2012":25,"2006":32,"2008":24},"range":2,"opacity":0.5230108126774656,"proporcao":85},"430420":{"nome":"Santa Cruz do Sul","media_idade_vitima":18,"media_idade_autor":34,"pela_manha":210,"ocorrencias":369,"local":{"residencia":247,"via_publica":36},"populacao":320261,"anos":{"2006":40,"2007":39,"2008":49,"2009":57,"2010":84,"2011":83,"2012":17},"range":3,"opacity":0.7041525986136788,"proporcao":115},"430525":{"nome":"São Jerônimo","media_idade_vitima":17,"media_idade_autor":36,"pela_manha":69,"ocorrencias":133,"local":{"residencia":96,"via_publica":15},"populacao":143832,"anos":{"2006":22,"2007":18,"2008":21,"2009":19,"2010":31,"2011":17,"2012":5},"range":2,"opacity":0.5651198953384837,"proporcao":92},"430734":{"nome":"Jaguarão","media_idade_vitima":22,"media_idade_autor":34,"pela_manha":22,"ocorrencias":34,"local":{"residencia":18,"via_publica":6},"populacao":53168,"anos":{"2007":5,"2010":7,"2011":6,"2012":4,"2006":6,"2008":2,"2009":4},"range":1,"opacity":0.39081665985066527,"proporcao":63},"430523":{"nome":"Montenegro","media_idade_vitima":17,"media_idade_autor":36,"pela_manha":99,"ocorrencias":167,"local":{"residencia":116,"via_publica":20},"populacao":202509,"anos":{"2008":17,"2010":49,"2011":40,"2006":16,"2007":15,"2012":10,"2009":20},"range":2,"opacity":0.5039838474204354,"proporcao":82},"430102":{"nome":"Três Passos","media_idade_vitima":18,"media_idade_autor":33,"pela_manha":62,"ocorrencias":101,"local":{"residencia":63,"via_publica":6},"populacao":143804,"anos":{"2008":23,"2009":8,"2010":26,"2011":14,"2006":14,"2007":12,"2012":4},"range":2,"opacity":0.42923475851628057,"proporcao":70},"430105":{"nome":"Sananduva","media_idade_vitima":21,"media_idade_autor":34,"pela_manha":23,"ocorrencias":41,"local":{"residencia":24,"via_publica":6},"populacao":60635,"anos":{"2007":9,"2009":7,"2006":6,"2010":10,"2011":4,"2008":3,"2012":2},"range":2,"opacity":0.4132424715916099,"proporcao":67},"430113":{"nome":"Soledade","media_idade_vitima":18,"media_idade_autor":32,"pela_manha":62,"ocorrencias":117,"local":{"residencia":78,"via_publica":11},"populacao":71504,"anos":{"2006":19,"2007":16,"2008":14,"2009":21,"2010":17,"2011":21,"2012":9},"range":5,"opacity":1.0,"proporcao":163},"430215":{"nome":"Vacaria","media_idade_vitima":17,"media_idade_autor":35,"pela_manha":98,"ocorrencias":174,"local":{"residencia":115,"via_publica":13},"populacao":157403,"anos":{"2006":26,"2010":31,"2011":43,"2008":22,"2012":15,"2009":21,"2007":16},"range":3,"opacity":0.6755861200312704,"proporcao":110},"430107":{"nome":"Santo Ângelo","media_idade_vitima":17,"media_idade_autor":33,"pela_manha":92,"ocorrencias":180,"local":{"residencia":118,"via_publica":14},"populacao":197014,"anos":{"2007":26,"2009":30,"2010":25,"2011":48,"2008":26,"2006":18,"2012":7},"range":2,"opacity":0.5583671913983466,"proporcao":91},"430318":{"nome":"Santa Maria","media_idade_vitima":20,"media_idade_autor":35,"pela_manha":141,"ocorrencias":279,"local":{"residencia":191,"via_publica":43},"populacao":363030,"anos":{"2006":37,"2008":28,"2009":37,"2010":66,"2011":58,"2012":17,"2007":36},"range":2,"opacity":0.46968442955551465,"proporcao":76},"430422":{"nome":"Cachoeira do Sul","media_idade_vitima":17,"media_idade_autor":35,"pela_manha":77,"ocorrencias":137,"local":{"residencia":99,"via_publica":10},"populacao":152980,"anos":{"2006":17,"2007":14,"2008":14,"2009":18,"2010":32,"2011":35,"2012":7},"range":2,"opacity":0.5473062229239507,"proporcao":89},"430106":{"nome":"Cerro Largo","media_idade_vitima":21,"media_idade_autor":34,"pela_manha":34,"ocorrencias":52,"local":{"residencia":28,"via_publica":2},"populacao":66075,"anos":{"2006":7,"2007":8,"2008":8,"2010":7,"2012":2,"2009":6,"2011":14},"range":2,"opacity":0.4809618699289528,"proporcao":78},"430524":{"nome":"Gramado-Canela","media_idade_vitima":17,"media_idade_autor":34,"pela_manha":133,"ocorrencias":236,"local":{"residencia":156,"via_publica":33},"populacao":296668,"anos":{"2006":41,"2007":28,"2008":24,"2009":29,"2010":57,"2011":46,"2012":11},"range":2,"opacity":0.48616733384891736,"proporcao":79},"430733":{"nome":"Pelotas","media_idade_vitima":19,"media_idade_autor":33,"pela_manha":153,"ocorrencias":262,"local":{"residencia":181,"via_publica":35},"populacao":482935,"anos":{"2006":38,"2007":37,"2008":36,"2009":31,"2010":57,"2011":45,"2012":18},"range":1,"opacity":0.331556148086323,"proporcao":54},"430317":{"nome":"Santiago","media_idade_vitima":17,"media_idade_autor":35,"pela_manha":67,"ocorrencias":113,"local":{"residencia":69,"via_publica":15},"populacao":110704,"anos":{"2008":12,"2010":22,"2011":33,"2007":15,"2009":12,"2012":10,"2006":9},"range":3,"opacity":0.6238204473498592,"proporcao":102},"430109":{"nome":"Carazinho","media_idade_vitima":17,"media_idade_autor":34,"pela_manha":102,"ocorrencias":145,"local":{"residencia":93,"via_publica":15},"populacao":159981,"anos":{"2006":21,"2007":15,"2009":19,"2010":31,"2011":41,"2012":5,"2008":13},"range":2,"opacity":0.5539162048997592,"proporcao":90},"430735":{"nome":"Litoral Lagunar","media_idade_vitima":20,"media_idade_autor":36,"pela_manha":86,"ocorrencias":175,"local":{"residencia":120,"via_publica":22},"populacao":260492,"anos":{"2006":23,"2007":18,"2008":22,"2011":42,"2012":10,"2009":27,"2010":33},"range":2,"opacity":0.4105708710840539,"proporcao":67},"430112":{"nome":"Não-Me-Toque","media_idade_vitima":18,"media_idade_autor":35,"pela_manha":12,"ocorrencias":28,"local":{"residencia":19,"via_publica":5},"populacao":42227,"anos":{"2006":3,"2007":8,"2008":3,"2010":5,"2011":4,"2012":1,"2009":4},"range":2,"opacity":0.4052399738572093,"proporcao":66},"430630":{"nome":"Campanha Central","media_idade_vitima":18,"media_idade_autor":36,"pela_manha":68,"ocorrencias":118,"local":{"residencia":72,"via_publica":22},"populacao":185124,"anos":{"2006":10,"2007":10,"2008":11,"2010":27,"2011":34,"2012":6,"2009":20},"range":1,"opacity":0.38955049209797377,"proporcao":63}}