{
	"4302105": {
		"nome": "Bento Gonçalves",
		"media_idade_vitima": 20,
		"media_idade_autor": 34,
		"pela_manha": 85,
		"ocorrencias": 146,
		"local": {
			"residencia": 104,
			"via_publica": 22
		},
		"populacao": 173819,
		"anos": {
			"2006": 23,
			"2007": 26,
			"2011": 25,
			"2008": 18,
			"2009": 25,
			"2010": 19,
			"2012": 10
		},
		"range": 2,
		"opacity": 0.5133340640276016,
		"proporcao": 83
	},
	"4305108": {
		"nome": "Caxias do Sul",
		"media_idade_vitima": 20,
		"media_idade_autor": 34,
		"pela_manha": 88,
		"ocorrencias": 166,
		"local": {
			"residencia": 114,
			"via_publica": 42
		},
		"populacao": 1073819,
		"anos": {
			"2006": 23,
			"2007": 26,
			"2011": 25,
			"2008": 18,
			"2009": 25,
			"2010": 19,
			"2012": 50
		},
		"range": 3,
		"opacity": 0.5,
		"proporcao": 89
	}
}